IP Address,Port,Code,Country,Anonymity,Google,Https,Last Checked
72.10.160.174,15711,CA,Canada,elite proxy,yes,yes,2 secs ago
44.220.205.79,8080,US,United States,anonymous,no,yes,12 secs ago
40.76.69.94,8080,US,United States,elite proxy,no,yes,12 secs ago
129.226.155.235,8080,SG,Singapore,anonymous,no,no,26 secs ago
87.248.129.32,80,AE,United Arab Emirates,anonymous,,no,26 secs ago
176.9.239.181,80,DE,Germany,anonymous,no,no,26 secs ago
85.215.64.49,80,DE,Germany,anonymous,no,no,26 secs ago
84.39.112.144,3128,CH,Switzerland,anonymous,no,no,26 secs ago
198.74.51.79,8888,US,United States,anonymous,no,no,26 secs ago
3.9.12.67,8001,GB,United Kingdom,elite proxy,no,yes,26 secs ago
54.245.34.166,10001,US,United States,elite proxy,no,yes,26 secs ago
51.254.78.223,80,FR,France,anonymous,no,no,26 secs ago
52.56.248.120,10001,GB,United Kingdom,elite proxy,no,yes,26 secs ago
47.88.59.79,82,US,United States,anonymous,no,no,26 secs ago
3.68.84.166,80,DE,Germany,elite proxy,no,yes,26 secs ago
89.58.55.33,80,DE,Germany,anonymous,no,no,26 secs ago
89.58.55.193,80,DE,Germany,anonymous,no,no,26 secs ago
213.199.49.191,3128,DE,Germany,anonymous,,no,26 secs ago
54.245.220.196,8118,US,United States,elite proxy,no,yes,26 secs ago
13.233.130.25,3128,IN,India,elite proxy,no,yes,26 secs ago
18.170.63.85,10001,GB,United Kingdom,elite proxy,no,yes,26 secs ago
13.201.35.187,5058,IN,India,elite proxy,no,yes,26 secs ago
13.126.36.118,3128,IN,India,elite proxy,no,yes,26 secs ago
35.90.245.227,31293,US,United States,elite proxy,no,yes,26 secs ago
52.11.48.124,3128,US,United States,elite proxy,no,yes,26 secs ago
13.40.152.64,3128,GB,United Kingdom,elite proxy,no,yes,26 secs ago
18.236.65.56,3129,US,United States,elite proxy,no,yes,26 secs ago
82.102.10.253,80,GB,United Kingdom,anonymous,,no,26 secs ago
54.245.27.232,999,US,United States,elite proxy,no,yes,26 secs ago
89.58.57.45,80,DE,Germany,anonymous,no,no,26 secs ago
89.58.52.160,80,DE,Germany,anonymous,no,no,26 secs ago
3.110.60.103,80,IN,India,anonymous,no,yes,26 secs ago
193.123.237.191,8080,KR,South Korea,anonymous,yes,no,26 secs ago
23.247.136.254,80,US,United States,anonymous,no,no,26 secs ago
81.169.213.169,8888,DE,Germany,anonymous,no,no,26 secs ago
89.58.55.106,80,DE,Germany,anonymous,no,no,26 secs ago
190.103.177.131,80,AR,Argentina,anonymous,no,no,26 secs ago
202.61.199.166,80,DE,Germany,anonymous,no,no,26 secs ago
158.255.77.166,80,AE,United Arab Emirates,anonymous,no,no,26 secs ago
95.216.148.196,80,FI,Finland,anonymous,no,no,26 secs ago
89.58.28.110,80,DE,Germany,anonymous,no,no,26 secs ago
65.21.52.41,8888,FI,Finland,anonymous,no,no,26 secs ago
89.58.8.250,80,DE,Germany,anonymous,no,no,26 secs ago
89.58.45.248,80,DE,Germany,anonymous,no,no,26 secs ago
91.107.154.214,80,DE,Germany,anonymous,no,no,26 secs ago
188.68.52.244,80,DE,Germany,anonymous,no,no,26 secs ago
165.232.129.150,80,US,United States,anonymous,no,no,26 secs ago
89.58.53.205,80,DE,Germany,anonymous,no,no,26 secs ago
47.236.224.32,8080,SG,Singapore,elite proxy,no,yes,26 secs ago
133.18.234.13,80,JP,Japan,anonymous,no,no,26 secs ago
34.143.143.61,7777,SG,Singapore,anonymous,no,yes,26 secs ago
172.188.122.92,80,SG,Singapore,anonymous,no,yes,26 secs ago
37.120.172.84,80,DE,Germany,anonymous,no,no,26 secs ago
161.35.70.249,8080,DE,Germany,anonymous,,no,26 secs ago
139.59.1.14,80,IN,India,anonymous,,no,26 secs ago
5.45.126.128,8080,EE,Estonia,anonymous,no,no,26 secs ago
216.229.112.25,8080,US,United States,elite proxy,,no,27 secs ago
178.170.9.226,80,FR,France,elite proxy,no,no,27 secs ago
13.80.134.180,80,NL,Netherlands,elite proxy,no,no,27 secs ago
18.132.36.51,3128,GB,United Kingdom,elite proxy,no,yes,27 secs ago
156.38.112.11,80,GH,Ghana,elite proxy,,no,27 secs ago
162.223.90.150,80,US,United States,elite proxy,no,no,27 secs ago
13.126.217.46,3128,IN,India,elite proxy,no,yes,27 secs ago
104.225.220.233,80,US,United States,elite proxy,,no,27 secs ago
35.177.23.165,8000,GB,United Kingdom,elite proxy,no,yes,27 secs ago
13.40.85.163,999,GB,United Kingdom,elite proxy,no,yes,27 secs ago
3.10.207.94,4222,GB,United Kingdom,elite proxy,no,yes,27 secs ago
54.214.109.103,10001,US,United States,elite proxy,no,yes,27 secs ago
188.166.56.246,80,NL,Netherlands,elite proxy,,no,27 secs ago
52.79.168.106,3128,KR,South Korea,elite proxy,no,yes,27 secs ago
99.79.124.70,80,CA,Canada,elite proxy,no,yes,27 secs ago
8.215.3.250,3128,ID,Indonesia,elite proxy,,no,27 secs ago
47.91.121.127,194,AE,United Arab Emirates,elite proxy,,no,27 secs ago
52.194.186.70,1080,JP,Japan,elite proxy,no,yes,27 secs ago
47.91.115.179,8081,AE,United Arab Emirates,elite proxy,,no,27 secs ago
154.65.39.7,80,SN,Senegal,elite proxy,,no,27 secs ago
47.238.134.126,81,HK,Hong Kong,elite proxy,,no,27 secs ago
8.219.97.248,80,SG,Singapore,anonymous,no,yes,1 min ago
211.128.96.206,80,JP,Japan,anonymous,no,no,1 min ago
87.248.129.26,80,AE,United Arab Emirates,anonymous,no,no,1 min ago
0.0.0.0,80,,Unknown,anonymous,no,no,1 min ago
47.90.205.231,33333,US,United States,anonymous,no,no,1 min ago
47.56.110.204,8989,HK,Hong Kong,anonymous,no,no,1 min ago
198.49.68.80,80,US,United States,elite proxy,no,no,1 min ago
35.86.81.136,3128,US,United States,elite proxy,no,yes,1 min ago
34.221.119.219,999,US,United States,elite proxy,no,yes,1 min ago
18.236.175.208,10001,US,United States,elite proxy,no,yes,1 min ago
65.2.11.52,10001,IN,India,elite proxy,no,yes,1 min ago
13.201.55.246,8000,IN,India,elite proxy,no,yes,1 min ago
3.110.106.183,999,IN,India,elite proxy,no,yes,1 min ago
3.109.62.30,3128,IN,India,elite proxy,no,yes,1 min ago
200.250.131.218,80,BR,Brazil,anonymous,no,no,1 min ago
54.191.48.147,3129,US,United States,elite proxy,no,yes,1 min ago
134.209.29.120,80,GB,United Kingdom,anonymous,no,no,1 min ago
78.28.152.113,80,BA,Bosnia and Herzegovina,elite proxy,no,no,1 min ago
219.93.101.63,80,MY,Malaysia,anonymous,no,no,1 min ago
32.223.6.94,80,US,United States,anonymous,no,no,1 min ago
219.65.73.81,80,IN,India,anonymous,no,no,1 min ago
47.237.92.86,9080,SG,Singapore,elite proxy,no,no,1 min ago
47.251.122.81,8888,US,United States,elite proxy,no,yes,1 min ago